{"stats":{"minecraft:picked_up":{"minecraft:bone":2,"minecraft:arrow":1,"minecraft:cobbled_deepslate":25,"minecraft:granite":2,"minecraft:gunpowder":1,"minecraft:spruce_log":7,"minecraft:redstone":10,"minecraft:cobblestone":1},"minecraft:killed":{"minecraft:skeleton":1,"minecraft:witch":1},"minecraft:used":{"minecraft:netherite_boots":1,"minecraft:netherite_leggings":1,"minecraft:netherite_pickaxe":27,"minecraft:netherite_chestplate":1,"minecraft:netherite_axe":17,"minecraft:netherite_helmet":1,"minecraft:enchanted_golden_apple":4},"minecraft:mined":{"minecraft:deepslate_redstone_ore":2,"minecraft:spruce_leaves":1,"minecraft:spruce_log":7,"minecraft:deepslate":25},"minecraft:custom":{"minecraft:time_since_rest":8951,"minecraft:crouch_one_cm":1624,"minecraft:play_time":8951,"minecraft:sprint_one_cm":31796,"minecraft:damage_absorbed":389,"minecraft:walk_one_cm":11121,"minecraft:sneak_time":728,"minecraft:walk_under_water_one_cm":395,"minecraft:mob_kills":2,"minecraft:jump":218,"minecraft:leave_game":1,"minecraft:damage_dealt":508,"minecraft:time_since_death":8951,"minecraft:walk_on_water_one_cm":1821,"minecraft:total_world_time":8951,"minecraft:damage_resisted":96,"minecraft:swim_one_cm":2299,"minecraft:fall_one_cm":6028,"minecraft:fly_one_cm":54028}},"DataVersion":3120}